timestamp,supply_air_temp,return_air_temp,chilled_water_temp,compressor_pressure,vibration,runtime_hours
2024-01-01 00:00:00,14.4,25.12,7.66,205.92,1.241,1
2024-01-01 01:00:00,13.89,24.74,7.93,216.4,1.491,2
2024-01-01 02:00:00,14.52,24.05,7.6,220.86,1.505,3
2024-01-01 03:00:00,15.22,23.48,7.85,243.88,1.642,4
2024-01-01 04:00:00,13.81,24.56,7.05,230.57,1.09,5
2024-01-01 05:00:00,13.81,24.31,8.11,211.65,1.678,6
2024-01-01 06:00:00,15.26,24.72,8.0,229.86,0.689,7
2024-01-01 07:00:00,14.61,24.51,7.59,209.53,1.311,8
2024-01-01 08:00:00,13.62,24.84,8.33,235.83,1.354,9
2024-01-01 09:00:00,14.43,23.57,8.47,220.29,1.69,10
2024-01-01 10:00:00,13.63,25.05,7.2,224.06,1.507,11
2024-01-01 11:00:00,13.63,24.16,7.62,238.26,1.078,12
2024-01-01 12:00:00,14.19,25.66,7.62,212.13,1.205,13
2024-01-01 13:00:00,12.47,23.45,7.53,211.03,1.56,14
2024-01-01 14:00:00,12.62,25.39,8.41,219.16,1.476,15
2024-01-01 15:00:00,13.55,24.16,7.9,235.38,1.326,16
2024-01-01 16:00:00,13.19,23.48,7.87,209.81,1.356,17
2024-01-01 17:00:00,14.25,23.61,7.0,196.68,1.709,18
2024-01-01 18:00:00,13.27,23.74,8.32,220.49,1.345,19
2024-01-01 19:00:00,12.87,24.34,7.38,230.52,1.474,20
2024-01-01 20:00:00,15.17,24.42,8.03,237.0,2.151,21
2024-01-01 21:00:00,13.82,23.54,8.14,220.37,1.073,22
2024-01-01 22:00:00,14.05,23.98,8.68,220.89,0.944,23
2024-01-01 23:00:00,12.86,25.71,7.35,236.54,1.735,24
2024-01-02 00:00:00,13.56,25.38,6.49,206.3,1.296,25
2024-01-02 01:00:00,14.09,24.35,8.09,221.11,1.405,26
2024-01-02 02:00:00,13.08,24.03,8.9,226.9,1.266,27
2024-01-02 03:00:00,14.3,24.1,8.62,229.49,1.422,28
2024-01-02 04:00:00,13.52,24.49,8.1,219.9,1.98,29
2024-01-02 05:00:00,13.77,23.18,7.75,225.34,1.741,30
2024-01-02 06:00:00,13.52,23.79,8.4,200.12,1.759,31
2024-01-02 07:00:00,15.48,22.67,7.51,218.42,1.075,32
2024-01-02 08:00:00,13.99,24.32,8.24,229.54,1.155,33
2024-01-02 09:00:00,13.15,24.52,8.25,215.18,0.648,34
2024-01-02 10:00:00,14.66,23.61,8.53,225.59,1.257,35
2024-01-02 11:00:00,13.02,25.26,9.38,229.47,1.787,36
2024-01-02 12:00:00,14.17,23.02,8.2,221.57,1.655,37
2024-01-02 13:00:00,12.43,22.83,7.75,226.7,1.434,38
2024-01-02 14:00:00,12.94,24.18,7.99,215.37,1.493,39
2024-01-02 15:00:00,14.16,24.84,7.12,222.93,1.293,40
2024-01-02 16:00:00,14.59,25.35,7.65,231.1,1.561,41
2024-01-02 17:00:00,14.14,23.63,7.8,226.57,1.73,42
2024-01-02 18:00:00,13.91,24.86,7.74,219.13,1.015,43
2024-01-02 19:00:00,13.76,23.97,8.08,227.24,1.59,44
2024-01-02 20:00:00,12.82,23.86,7.59,232.15,1.78,45
2024-01-02 21:00:00,13.42,24.71,8.56,204.5,1.375,46
2024-01-02 22:00:00,13.63,24.52,8.0,236.59,1.71,47
2024-01-02 23:00:00,14.85,22.74,8.0,221.64,2.344,48
2024-01-03 00:00:00,14.27,25.18,7.84,229.25,1.469,49
2024-01-03 01:00:00,12.59,25.1,8.08,236.97,1.618,50
2024-01-03 02:00:00,14.26,23.5,8.41,211.28,1.279,51
2024-01-03 03:00:00,13.69,24.32,7.57,217.91,1.554,52
2024-01-03 04:00:00,13.46,24.4,7.67,222.11,1.638,53
2024-01-03 05:00:00,14.49,24.21,7.85,217.16,1.558,54
2024-01-03 06:00:00,14.82,23.56,7.33,242.35,1.194,55
2024-01-03 07:00:00,14.75,23.46,7.59,216.43,1.562,56
2024-01-03 08:00:00,13.33,23.98,7.76,219.44,1.939,57
2024-01-03 09:00:00,13.75,24.94,8.44,227.04,1.635,58
2024-01-03 10:00:00,14.27,24.43,8.13,212.98,1.789,59
2024-01-03 11:00:00,14.78,23.7,8.1,221.04,1.429,60
2024-01-03 12:00:00,13.62,24.62,8.43,228.17,1.725,61
2024-01-03 13:00:00,13.85,21.72,7.93,221.67,1.584,62
2024-01-03 14:00:00,13.11,24.92,8.2,224.07,1.215,63
2024-01-03 15:00:00,13.04,22.61,7.95,219.71,1.596,64
2024-01-03 16:00:00,14.65,23.71,8.13,209.86,1.202,65
2024-01-03 17:00:00,15.08,23.1,7.71,228.22,1.31,66
2024-01-03 18:00:00,13.94,22.96,6.78,242.55,1.557,67
2024-01-03 19:00:00,14.8,24.93,7.93,225.18,1.589,68
2024-01-03 20:00:00,14.29,23.63,8.71,227.25,1.143,69
2024-01-03 21:00:00,13.48,24.28,8.46,231.93,1.816,70
2024-01-03 22:00:00,14.29,23.96,8.48,212.31,1.672,71
2024-01-03 23:00:00,15.23,24.38,8.62,242.03,1.289,72
2024-01-04 00:00:00,13.97,24.06,8.04,227.02,1.039,73
2024-01-04 01:00:00,15.25,22.97,8.1,241.32,1.457,74
2024-01-04 02:00:00,11.9,24.8,7.69,217.67,1.366,75
2024-01-04 03:00:00,14.66,23.6,7.84,243.18,1.534,76
2024-01-04 04:00:00,14.07,22.75,8.31,232.75,1.391,77
2024-01-04 05:00:00,13.76,23.66,8.6,230.53,0.898,78
2024-01-04 06:00:00,14.07,25.2,7.93,227.34,1.383,79
2024-01-04 07:00:00,12.41,24.68,7.77,222.51,1.408,80
2024-01-04 08:00:00,13.82,23.72,8.0,237.01,1.69,81
2024-01-04 09:00:00,14.29,23.72,8.3,226.4,1.291,82
2024-01-04 10:00:00,15.18,23.74,7.28,205.33,2.004,83
2024-01-04 11:00:00,13.59,25.66,6.85,213.83,0.927,84
2024-01-04 12:00:00,13.35,24.31,7.72,223.14,1.893,85
2024-01-04 13:00:00,13.6,24.34,7.39,228.1,1.433,86
2024-01-04 14:00:00,14.73,24.82,7.75,224.43,1.758,87
2024-01-04 15:00:00,14.26,24.19,7.93,237.19,1.524,88
2024-01-04 16:00:00,13.58,23.79,7.77,205.49,1.842,89
2024-01-04 17:00:00,14.41,23.84,8.73,226.44,1.384,90
2024-01-04 18:00:00,14.08,23.94,8.16,206.82,1.17,91
2024-01-04 19:00:00,14.77,23.97,8.15,232.6,1.926,92
2024-01-04 20:00:00,13.44,24.58,8.31,224.06,1.466,93
2024-01-04 21:00:00,13.74,24.04,7.43,229.2,1.566,94
2024-01-04 22:00:00,13.69,24.59,8.52,216.36,1.87,95
2024-01-04 23:00:00,12.83,23.94,7.96,237.79,1.19,96
2024-01-05 00:00:00,14.24,24.06,8.34,235.42,1.679,97
2024-01-05 01:00:00,14.21,22.4,7.46,230.84,1.323,98
2024-01-05 02:00:00,14.0,24.73,7.22,223.7,1.46,99
2024-01-05 03:00:00,13.81,24.28,8.41,230.8,1.522,100
2024-01-05 04:00:00,12.87,24.8,8.19,217.93,1.05,101
2024-01-05 05:00:00,13.66,21.68,7.55,233.56,1.266,102
2024-01-05 06:00:00,13.73,25.67,7.57,241.49,1.905,103
2024-01-05 07:00:00,13.36,23.89,8.56,235.71,1.766,104
2024-01-05 08:00:00,13.87,24.89,7.41,217.7,1.481,105
2024-01-05 09:00:00,14.32,23.17,8.82,228.61,1.573,106
2024-01-05 10:00:00,15.51,24.49,7.55,212.07,1.412,107
2024-01-05 11:00:00,14.14,23.16,8.32,230.72,1.907,108
2024-01-05 12:00:00,14.21,23.5,7.84,229.51,1.44,109
2024-01-05 13:00:00,13.94,25.53,8.3,206.3,1.57,110
2024-01-05 14:00:00,12.46,23.85,7.73,213.38,1.844,111
2024-01-05 15:00:00,13.98,24.17,7.92,222.17,1.267,112
2024-01-05 16:00:00,14.05,24.7,8.02,221.99,1.968,113
2024-01-05 17:00:00,15.97,24.4,7.5,212.91,1.041,114
2024-01-05 18:00:00,13.85,24.12,8.37,228.89,1.989,115
2024-01-05 19:00:00,14.24,24.29,7.74,227.51,1.388,116
2024-01-05 20:00:00,13.97,25.92,7.89,223.06,1.427,117
2024-01-05 21:00:00,13.07,23.95,7.5,217.44,0.933,118
2024-01-05 22:00:00,14.91,24.16,6.72,235.49,1.364,119
2024-01-05 23:00:00,14.6,24.84,7.9,241.55,1.188,120
2024-01-06 00:00:00,14.63,24.88,9.21,220.16,1.318,121
2024-01-06 01:00:00,13.27,24.95,8.39,218.88,1.459,122
2024-01-06 02:00:00,15.12,24.51,7.99,229.91,1.787,123
2024-01-06 03:00:00,12.88,23.09,7.87,221.42,1.562,124
2024-01-06 04:00:00,14.47,25.31,8.01,223.61,1.592,125
2024-01-06 05:00:00,15.75,23.08,8.27,232.4,1.171,126
2024-01-06 06:00:00,13.21,24.24,7.41,205.91,1.236,127
2024-01-06 07:00:00,13.55,23.4,8.56,238.18,2.04,128
2024-01-06 08:00:00,14.08,23.95,8.36,225.73,1.279,129
2024-01-06 09:00:00,13.6,24.26,8.36,220.89,1.997,130
2024-01-06 10:00:00,12.76,24.26,8.22,224.11,1.427,131
2024-01-06 11:00:00,14.05,24.34,8.01,224.62,1.501,132
2024-01-06 12:00:00,13.15,25.29,8.34,207.69,1.821,133
2024-01-06 13:00:00,14.38,24.36,8.3,239.95,1.882,134
2024-01-06 14:00:00,13.26,23.8,7.82,225.41,1.467,135
2024-01-06 15:00:00,15.24,24.77,7.71,229.43,1.384,136
2024-01-06 16:00:00,13.37,24.95,8.05,234.52,1.483,137
2024-01-06 17:00:00,13.74,23.02,8.77,214.79,1.601,138
2024-01-06 18:00:00,14.65,24.48,7.38,229.73,1.767,139
2024-01-06 19:00:00,13.02,24.56,7.27,222.32,1.501,140
2024-01-06 20:00:00,14.18,23.76,8.08,233.47,1.686,141
2024-01-06 21:00:00,15.05,25.1,8.03,203.73,1.992,142
2024-01-06 22:00:00,12.71,23.88,8.09,224.01,1.614,143
2024-01-06 23:00:00,14.15,24.1,8.12,218.97,1.593,144
2024-01-07 00:00:00,14.21,23.86,7.89,229.32,1.044,145
2024-01-07 01:00:00,14.63,24.01,8.74,229.7,0.711,146
2024-01-07 02:00:00,13.01,23.12,7.2,217.92,1.617,147
2024-01-07 03:00:00,12.94,22.85,7.59,217.88,1.472,148
2024-01-07 04:00:00,14.42,25.28,7.95,223.89,1.346,149
2024-01-07 05:00:00,14.24,23.32,7.18,216.03,1.573,150
2024-01-07 06:00:00,14.2,23.21,7.91,233.42,1.482,151
2024-01-07 07:00:00,14.28,22.28,8.83,221.31,1.838,152
2024-01-07 08:00:00,13.46,23.49,8.01,195.93,1.526,153
2024-01-07 09:00:00,14.19,22.94,8.12,221.25,1.276,154
2024-01-07 10:00:00,14.23,25.31,7.37,214.61,1.797,155
2024-01-07 11:00:00,13.43,24.81,7.69,208.69,1.435,156
2024-01-07 12:00:00,15.49,23.45,7.81,212.63,1.658,157
2024-01-07 13:00:00,14.38,25.8,7.84,226.09,1.357,158
2024-01-07 14:00:00,13.05,24.79,8.64,238.29,1.305,159
2024-01-07 15:00:00,14.53,23.74,8.28,228.13,1.525,160
2024-01-07 16:00:00,13.22,22.0,7.44,218.93,1.504,161
2024-01-07 17:00:00,14.63,25.83,8.12,229.56,1.644,162
2024-01-07 18:00:00,14.93,22.89,8.25,220.41,1.419,163
2024-01-07 19:00:00,13.34,22.68,8.57,218.05,0.949,164
2024-01-07 20:00:00,14.77,24.82,8.79,213.46,1.37,165
2024-01-07 21:00:00,14.33,25.95,7.49,207.48,1.738,166
2024-01-07 22:00:00,14.66,25.11,7.59,221.1,1.411,167
2024-01-07 23:00:00,15.52,24.45,7.37,226.58,1.426,168
2024-01-08 00:00:00,13.8,24.48,7.88,224.03,1.796,169
2024-01-08 01:00:00,13.4,24.68,8.23,220.84,1.286,170
2024-01-08 02:00:00,13.29,24.61,8.49,215.54,1.037,171
2024-01-08 03:00:00,13.35,24.22,7.96,231.08,1.452,172
2024-01-08 04:00:00,13.94,24.08,7.84,211.83,1.355,173
2024-01-08 05:00:00,14.27,23.95,8.08,232.76,1.21,174
2024-01-08 06:00:00,14.22,23.4,7.58,214.98,1.447,175
2024-01-08 07:00:00,14.66,23.78,9.04,217.48,1.647,176
2024-01-08 08:00:00,14.01,22.65,7.2,210.33,1.497,177
2024-01-08 09:00:00,15.16,23.92,8.09,219.99,1.592,178
2024-01-08 10:00:00,13.79,23.21,9.01,234.75,2.044,179
2024-01-08 11:00:00,16.18,23.12,8.0,230.16,1.397,180
2024-01-08 12:00:00,14.5,24.14,7.9,234.78,1.584,181
2024-01-08 13:00:00,13.31,25.11,7.82,230.22,1.347,182
2024-01-08 14:00:00,13.14,24.73,7.91,213.96,1.246,183
2024-01-08 15:00:00,14.39,22.74,8.69,221.69,1.325,184
2024-01-08 16:00:00,13.82,23.21,6.89,217.2,1.356,185
2024-01-08 17:00:00,14.57,24.75,8.77,238.31,1.608,186
2024-01-08 18:00:00,14.38,23.21,7.29,213.03,2.205,187
2024-01-08 19:00:00,13.94,23.82,7.87,233.94,1.285,188
2024-01-08 20:00:00,13.32,24.44,7.79,233.93,1.375,189
2024-01-08 21:00:00,12.79,23.23,8.29,243.3,1.481,190
2024-01-08 22:00:00,13.64,24.08,7.2,220.9,1.619,191
2024-01-08 23:00:00,14.69,22.93,8.23,232.12,1.579,192
2024-01-09 00:00:00,14.17,23.52,9.01,247.82,1.885,193
2024-01-09 01:00:00,13.0,24.26,7.32,218.82,0.772,194
2024-01-09 02:00:00,14.14,22.73,8.09,209.65,0.784,195
2024-01-09 03:00:00,14.31,24.35,7.67,206.2,1.351,196
2024-01-09 04:00:00,13.29,23.98,8.21,232.13,1.829,197
2024-01-09 05:00:00,14.12,24.44,8.01,206.17,1.03,198
2024-01-09 06:00:00,14.05,24.18,7.68,221.28,0.598,199
2024-01-09 07:00:00,13.09,25.09,8.24,229.37,1.671,200
2024-01-09 08:00:00,14.29,24.1,8.9,226.85,1.573,201
2024-01-09 09:00:00,14.45,23.66,7.9,229.25,1.173,202
2024-01-09 10:00:00,14.87,24.1,8.36,227.22,1.204,203
2024-01-09 11:00:00,14.84,24.43,7.35,237.79,1.209,204
2024-01-09 12:00:00,12.9,24.04,7.52,215.48,1.533,205
2024-01-09 13:00:00,13.25,24.03,8.24,218.23,1.312,206
2024-01-09 14:00:00,14.41,23.44,8.74,217.27,1.648,207
2024-01-09 15:00:00,14.41,23.47,8.18,233.3,0.644,208
2024-01-09 16:00:00,14.41,22.88,7.84,234.0,1.243,209
2024-01-09 17:00:00,17.08,25.4,8.0,229.51,1.162,210
2024-01-09 18:00:00,14.46,23.0,7.37,236.83,1.423,211
2024-01-09 19:00:00,14.91,23.45,8.3,213.22,1.339,212
2024-01-09 20:00:00,14.76,23.43,8.44,241.67,1.739,213
2024-01-09 21:00:00,14.52,24.72,7.77,240.23,0.942,214
2024-01-09 22:00:00,13.75,23.76,7.76,232.36,1.514,215
2024-01-09 23:00:00,14.61,25.0,8.13,242.82,1.668,216
2024-01-10 00:00:00,13.38,23.46,7.78,208.43,2.057,217
2024-01-10 01:00:00,13.81,24.22,7.97,219.76,1.355,218
2024-01-10 02:00:00,13.61,23.33,9.05,217.65,1.597,219
2024-01-10 03:00:00,14.07,25.72,7.88,232.21,0.959,220
2024-01-10 04:00:00,15.85,23.05,7.82,214.5,0.782,221
2024-01-10 05:00:00,12.51,24.25,7.68,232.57,1.753,222
2024-01-10 06:00:00,14.55,24.51,8.37,238.71,1.498,223
2024-01-10 07:00:00,12.71,24.33,7.91,231.95,1.854,224
2024-01-10 08:00:00,13.62,23.85,7.68,227.84,1.088,225
2024-01-10 09:00:00,14.87,23.9,8.66,215.12,1.656,226
2024-01-10 10:00:00,14.05,24.04,8.71,216.53,2.061,227
2024-01-10 11:00:00,13.14,23.88,7.7,237.5,1.626,228
2024-01-10 12:00:00,13.43,24.77,7.07,232.79,1.583,229
2024-01-10 13:00:00,14.54,25.77,8.5,224.61,1.503,230
2024-01-10 14:00:00,13.42,23.55,7.66,220.82,1.029,231
2024-01-10 15:00:00,14.17,22.9,8.4,204.74,1.907,232
2024-01-10 16:00:00,14.04,23.93,7.01,214.29,1.317,233
2024-01-10 17:00:00,13.48,26.06,8.45,244.11,1.651,234
2024-01-10 18:00:00,15.72,23.36,7.39,212.2,1.031,235
2024-01-10 19:00:00,14.51,25.31,8.37,226.89,1.146,236
2024-01-10 20:00:00,12.38,25.34,8.01,235.07,1.931,237
2024-01-10 21:00:00,14.15,23.56,7.52,212.45,1.396,238
2024-01-10 22:00:00,13.47,24.46,7.8,226.85,1.936,239
2024-01-10 23:00:00,14.68,25.3,8.34,234.38,1.477,240
2024-01-11 00:00:00,13.37,23.7,8.05,225.12,0.947,241
2024-01-11 01:00:00,13.91,23.84,8.29,253.68,1.768,242
2024-01-11 02:00:00,14.4,23.53,8.99,208.31,1.323,243
2024-01-11 03:00:00,14.69,23.19,7.22,235.59,1.71,244
2024-01-11 04:00:00,13.04,23.48,8.81,223.27,1.508,245
2024-01-11 05:00:00,13.73,23.02,8.05,232.72,1.037,246
2024-01-11 06:00:00,13.62,24.03,7.55,229.41,1.549,247
2024-01-11 07:00:00,13.48,23.38,7.33,217.67,2.159,248
2024-01-11 08:00:00,15.41,24.19,7.91,227.29,1.648,249
2024-01-11 09:00:00,14.32,22.76,8.46,206.42,1.483,250
2024-01-11 10:00:00,12.99,24.26,7.94,231.03,1.823,251
2024-01-11 11:00:00,14.73,24.67,8.76,227.98,1.563,252
2024-01-11 12:00:00,15.7,22.41,7.27,231.39,1.563,253
2024-01-11 13:00:00,14.83,24.3,7.99,235.58,1.173,254
2024-01-11 14:00:00,12.78,24.98,7.37,228.68,1.57,255
2024-01-11 15:00:00,13.61,23.03,8.18,226.48,1.811,256
2024-01-11 16:00:00,15.01,25.34,8.44,216.19,1.249,257
2024-01-11 17:00:00,13.43,24.34,7.79,217.88,1.927,258
2024-01-11 18:00:00,14.36,23.44,6.7,236.87,1.472,259
2024-01-11 19:00:00,14.62,23.96,8.1,239.36,1.234,260
2024-01-11 20:00:00,13.26,24.45,8.22,222.62,1.799,261
2024-01-11 21:00:00,13.95,24.06,8.2,225.46,1.414,262
2024-01-11 22:00:00,11.41,24.43,8.62,215.95,1.728,263
2024-01-11 23:00:00,13.18,23.26,7.46,236.73,1.412,264
2024-01-12 00:00:00,13.8,24.14,8.34,231.65,1.482,265
2024-01-12 01:00:00,13.0,22.87,8.6,244.41,1.648,266
2024-01-12 02:00:00,15.31,23.91,7.11,216.22,1.587,267
2024-01-12 03:00:00,12.86,23.28,8.16,221.22,0.901,268
2024-01-12 04:00:00,13.65,23.41,7.75,227.31,1.164,269
2024-01-12 05:00:00,14.1,24.99,7.96,231.46,1.779,270
2024-01-12 06:00:00,15.15,24.87,8.17,222.84,1.46,271
2024-01-12 07:00:00,12.85,24.49,7.76,216.27,1.343,272
2024-01-12 08:00:00,14.93,23.13,7.66,233.81,1.092,273
2024-01-12 09:00:00,14.01,23.75,8.02,232.21,1.176,274
2024-01-12 10:00:00,13.21,24.97,7.46,215.84,0.893,275
2024-01-12 11:00:00,14.37,24.11,7.46,238.55,1.47,276
2024-01-12 12:00:00,14.16,25.86,8.34,236.7,1.32,277
2024-01-12 13:00:00,13.52,24.31,7.43,226.34,1.21,278
2024-01-12 14:00:00,14.06,24.15,8.33,225.8,1.48,279
2024-01-12 15:00:00,13.69,23.75,8.23,230.54,1.609,280
2024-01-12 16:00:00,14.09,24.11,7.14,216.38,2.128,281
2024-01-12 17:00:00,14.53,23.88,7.66,225.3,1.046,282
2024-01-12 18:00:00,15.27,24.57,8.6,203.48,1.848,283
2024-01-12 19:00:00,13.01,24.77,7.51,233.76,1.792,284
2024-01-12 20:00:00,15.71,23.37,7.77,209.39,1.266,285
2024-01-12 21:00:00,12.44,22.94,8.23,240.03,1.561,286
2024-01-12 22:00:00,13.88,22.53,8.39,221.7,1.363,287
2024-01-12 23:00:00,14.47,24.41,7.87,222.88,1.556,288
2024-01-13 00:00:00,14.22,23.12,7.7,218.72,1.953,289
2024-01-13 01:00:00,13.5,22.28,8.71,222.12,1.682,290
2024-01-13 02:00:00,13.83,24.31,8.87,239.19,1.653,291
2024-01-13 03:00:00,13.61,25.99,8.49,200.12,1.371,292
2024-01-13 04:00:00,13.53,24.0,8.04,237.77,1.055,293
2024-01-13 05:00:00,14.68,24.67,7.6,228.38,1.437,294
2024-01-13 06:00:00,14.29,24.07,7.58,212.93,1.862,295
2024-01-13 07:00:00,13.45,23.92,8.26,214.25,1.042,296
2024-01-13 08:00:00,14.72,24.74,8.21,241.76,1.183,297
2024-01-13 09:00:00,14.25,23.77,8.7,215.54,1.538,298
2024-01-13 10:00:00,14.65,24.21,8.33,213.47,1.205,299
2024-01-13 11:00:00,14.5,24.26,7.25,236.37,1.262,300
2024-01-13 12:00:00,13.34,23.47,8.53,283.43,1.373,301
2024-01-13 13:00:00,13.55,24.79,7.5,271.32,1.09,302
2024-01-13 14:00:00,14.6,23.86,7.81,290.99,1.208,303
2024-01-13 15:00:00,14.49,23.4,8.13,273.33,1.711,304
2024-01-13 16:00:00,13.98,24.43,9.0,293.43,1.108,305
2024-01-13 17:00:00,14.09,23.28,9.55,304.97,1.021,306
2024-01-13 18:00:00,15.02,24.02,8.3,299.85,1.311,307
2024-01-13 19:00:00,13.53,23.99,7.91,303.35,1.72,308
2024-01-13 20:00:00,14.44,24.87,8.27,305.14,1.441,309
2024-01-13 21:00:00,13.84,24.38,8.44,277.19,1.361,310
2024-01-13 22:00:00,13.83,23.98,7.84,271.39,1.513,311
2024-01-13 23:00:00,14.88,24.65,8.9,308.89,0.976,312
2024-01-14 00:00:00,14.66,25.11,8.12,313.75,1.648,313
2024-01-14 01:00:00,14.65,24.45,8.25,286.14,1.615,314
2024-01-14 02:00:00,15.04,24.01,8.33,271.61,1.377,315
2024-01-14 03:00:00,14.02,22.95,8.21,294.71,1.802,316
2024-01-14 04:00:00,14.55,23.15,8.42,275.59,1.162,317
2024-01-14 05:00:00,13.75,23.76,7.69,282.25,1.838,318
2024-01-14 06:00:00,14.26,23.51,7.72,313.84,1.546,319
2024-01-14 07:00:00,13.9,23.85,7.45,327.25,1.399,320
2024-01-14 08:00:00,14.08,24.05,8.22,226.96,1.494,321
2024-01-14 09:00:00,14.48,24.42,8.39,215.96,1.468,322
2024-01-14 10:00:00,13.35,23.94,8.23,209.51,1.866,323
2024-01-14 11:00:00,15.67,24.39,8.84,227.58,1.177,324
2024-01-14 12:00:00,13.2,24.05,8.0,236.04,1.271,325
2024-01-14 13:00:00,13.03,22.42,8.33,229.75,1.811,326
2024-01-14 14:00:00,14.93,23.25,7.45,224.98,1.321,327
2024-01-14 15:00:00,14.63,23.88,7.81,219.11,1.77,328
2024-01-14 16:00:00,14.5,23.03,8.35,214.08,2.01,329
2024-01-14 17:00:00,14.5,24.48,8.42,233.35,1.379,330
2024-01-14 18:00:00,13.99,25.22,7.85,234.14,1.704,331
2024-01-14 19:00:00,13.28,24.98,7.96,209.54,1.154,332
2024-01-14 20:00:00,14.06,23.83,7.24,240.9,1.726,333
2024-01-14 21:00:00,13.46,25.19,7.82,230.74,1.56,334
2024-01-14 22:00:00,14.78,24.12,8.45,239.0,1.642,335
2024-01-14 23:00:00,13.88,23.73,8.29,211.58,1.306,336
2024-01-15 00:00:00,13.34,23.51,8.25,211.34,1.002,337
2024-01-15 01:00:00,13.74,23.76,8.02,223.51,1.651,338
2024-01-15 02:00:00,14.33,23.69,8.0,230.03,0.881,339
2024-01-15 03:00:00,13.55,24.14,7.67,242.96,1.405,340
2024-01-15 04:00:00,13.34,24.13,8.35,232.06,1.782,341
2024-01-15 05:00:00,14.19,24.0,8.21,222.57,1.558,342
2024-01-15 06:00:00,14.2,24.35,8.25,214.74,2.085,343
2024-01-15 07:00:00,13.59,24.95,7.74,237.3,1.808,344
2024-01-15 08:00:00,13.62,24.76,6.92,215.35,1.304,345
2024-01-15 09:00:00,14.19,22.81,8.55,241.28,1.508,346
2024-01-15 10:00:00,12.84,21.96,7.76,222.16,1.486,347
2024-01-15 11:00:00,12.87,24.75,7.57,240.91,1.025,348
2024-01-15 12:00:00,13.43,22.91,8.35,231.79,1.218,349
2024-01-15 13:00:00,13.83,23.82,7.8,223.63,1.332,350
2024-01-15 14:00:00,14.25,23.06,8.53,219.81,0.889,351
2024-01-15 15:00:00,15.18,22.56,8.31,221.59,1.514,352
2024-01-15 16:00:00,14.69,24.43,8.34,229.28,1.425,353
2024-01-15 17:00:00,13.87,24.61,7.32,225.77,0.998,354
2024-01-15 18:00:00,13.98,23.54,8.61,219.06,1.621,355
2024-01-15 19:00:00,13.2,21.93,8.13,223.34,1.715,356
2024-01-15 20:00:00,13.99,23.56,7.82,225.79,1.568,357
2024-01-15 21:00:00,13.77,24.31,8.07,203.71,1.403,358
2024-01-15 22:00:00,14.26,22.82,7.11,229.58,1.677,359
2024-01-15 23:00:00,13.34,24.15,8.2,215.2,1.704,360
2024-01-16 00:00:00,14.42,23.99,7.49,213.47,1.592,361
2024-01-16 01:00:00,15.23,24.46,7.32,208.13,1.253,362
2024-01-16 02:00:00,13.91,24.1,7.24,207.06,1.583,363
2024-01-16 03:00:00,14.32,23.22,8.56,211.45,1.859,364
2024-01-16 04:00:00,14.55,24.96,7.69,217.91,1.321,365
2024-01-16 05:00:00,13.68,23.87,8.77,244.53,2.129,366
2024-01-16 06:00:00,14.18,23.98,7.73,219.74,1.342,367
2024-01-16 07:00:00,14.01,23.25,7.15,226.78,1.51,368
2024-01-16 08:00:00,14.08,23.65,7.44,229.0,1.298,369
2024-01-16 09:00:00,13.38,23.29,8.62,226.31,1.567,370
2024-01-16 10:00:00,14.02,23.86,7.92,224.23,0.977,371
2024-01-16 11:00:00,14.4,25.37,7.73,213.05,1.336,372
2024-01-16 12:00:00,15.16,22.9,8.08,239.51,1.172,373
2024-01-16 13:00:00,14.77,22.71,8.25,243.07,1.541,374
2024-01-16 14:00:00,15.72,25.18,8.56,208.17,1.798,375
2024-01-16 15:00:00,13.39,23.83,8.72,214.76,1.694,376
2024-01-16 16:00:00,14.7,23.46,7.82,222.2,0.789,377
2024-01-16 17:00:00,14.15,24.83,7.34,215.35,2.113,378
2024-01-16 18:00:00,15.75,23.52,7.79,230.06,1.589,379
2024-01-16 19:00:00,13.35,25.46,8.13,217.72,1.267,380
2024-01-16 20:00:00,13.33,24.54,7.52,246.65,1.547,381
2024-01-16 21:00:00,13.52,23.61,7.52,236.91,1.553,382
2024-01-16 22:00:00,12.3,25.73,8.17,227.13,1.3,383
2024-01-16 23:00:00,13.58,23.52,7.98,235.27,1.559,384
2024-01-17 00:00:00,13.39,24.59,8.02,236.06,1.318,385
2024-01-17 01:00:00,14.12,24.24,7.62,219.36,1.379,386
2024-01-17 02:00:00,14.27,25.04,7.88,216.84,1.294,387
2024-01-17 03:00:00,15.5,25.25,7.54,225.78,1.07,388
2024-01-17 04:00:00,14.76,24.03,8.45,233.62,1.544,389
2024-01-17 05:00:00,13.54,23.4,8.52,226.39,1.676,390
2024-01-17 06:00:00,13.28,24.37,7.08,209.23,1.654,391
2024-01-17 07:00:00,14.39,23.46,7.54,216.97,1.746,392
2024-01-17 08:00:00,12.94,25.61,7.25,224.26,1.597,393
2024-01-17 09:00:00,15.47,24.11,7.67,224.24,1.34,394
2024-01-17 10:00:00,14.94,23.71,7.96,244.73,1.752,395
2024-01-17 11:00:00,13.62,24.15,7.28,211.14,1.093,396
2024-01-17 12:00:00,12.63,22.92,7.54,230.06,1.23,397
2024-01-17 13:00:00,15.08,23.22,7.5,239.89,1.211,398
2024-01-17 14:00:00,13.91,24.96,8.1,247.71,1.824,399
2024-01-17 15:00:00,14.99,23.47,8.03,220.96,1.783,400
2024-01-17 16:00:00,12.72,23.16,7.64,229.91,1.646,401
2024-01-17 17:00:00,13.52,24.43,8.09,230.7,1.822,402
2024-01-17 18:00:00,14.0,24.95,7.73,226.95,1.236,403
2024-01-17 19:00:00,14.04,24.58,7.86,224.01,1.605,404
2024-01-17 20:00:00,13.64,24.8,8.84,229.36,1.462,405
2024-01-17 21:00:00,14.5,23.39,8.67,199.68,1.754,406
2024-01-17 22:00:00,13.15,22.86,7.35,231.82,1.465,407
2024-01-17 23:00:00,13.89,25.2,8.41,226.26,1.385,408
2024-01-18 00:00:00,14.1,23.74,8.41,222.78,1.662,409
2024-01-18 01:00:00,14.41,23.8,7.43,245.47,1.763,410
2024-01-18 02:00:00,14.57,25.06,8.41,218.25,1.299,411
2024-01-18 03:00:00,13.1,24.44,8.77,220.97,1.482,412
2024-01-18 04:00:00,12.77,24.36,7.44,244.92,1.182,413
2024-01-18 05:00:00,15.02,25.73,7.54,216.68,0.751,414
2024-01-18 06:00:00,14.27,23.49,8.51,219.5,1.56,415
2024-01-18 07:00:00,13.4,24.74,8.14,223.53,1.683,416
2024-01-18 08:00:00,15.24,24.05,8.28,233.41,1.579,417
2024-01-18 09:00:00,14.09,24.21,8.17,227.08,0.915,418
2024-01-18 10:00:00,14.94,25.22,8.2,212.07,1.395,419
2024-01-18 11:00:00,14.05,24.41,7.34,219.68,0.834,420
2024-01-18 12:00:00,15.65,24.43,8.52,218.93,1.911,421
2024-01-18 13:00:00,15.4,24.86,8.58,224.23,1.174,422
2024-01-18 14:00:00,13.8,23.71,7.89,229.26,1.877,423
2024-01-18 15:00:00,14.78,23.33,7.98,229.18,1.784,424
2024-01-18 16:00:00,14.52,23.16,7.23,207.24,1.23,425
2024-01-18 17:00:00,15.09,22.43,8.26,235.64,1.16,426
2024-01-18 18:00:00,13.23,25.64,8.29,227.53,1.605,427
2024-01-18 19:00:00,14.55,23.12,7.97,238.85,1.247,428
2024-01-18 20:00:00,14.85,23.82,8.56,229.44,1.531,429
2024-01-18 21:00:00,12.59,23.78,7.83,236.01,1.355,430
2024-01-18 22:00:00,13.05,24.25,8.28,229.67,0.966,431
2024-01-18 23:00:00,12.37,24.65,7.49,238.46,0.831,432
2024-01-19 00:00:00,13.78,24.69,7.99,230.22,1.568,433
2024-01-19 01:00:00,14.57,23.53,7.91,224.02,1.332,434
2024-01-19 02:00:00,15.2,23.87,8.11,247.72,1.334,435
2024-01-19 03:00:00,14.06,24.23,7.82,233.89,1.709,436
2024-01-19 04:00:00,15.3,23.8,7.93,230.74,1.852,437
2024-01-19 05:00:00,12.9,25.29,8.41,212.24,1.418,438
2024-01-19 06:00:00,12.64,24.39,7.78,212.12,1.398,439
2024-01-19 07:00:00,13.96,24.59,7.2,227.93,1.65,440
2024-01-19 08:00:00,14.31,24.53,8.87,226.46,1.093,441
2024-01-19 09:00:00,13.97,24.94,8.69,218.86,1.567,442
2024-01-19 10:00:00,12.35,24.14,7.35,226.41,1.666,443
2024-01-19 11:00:00,13.93,22.96,8.34,240.89,1.704,444
2024-01-19 12:00:00,12.96,24.32,7.75,231.95,0.919,445
2024-01-19 13:00:00,14.54,23.48,8.13,213.59,1.272,446
2024-01-19 14:00:00,14.29,23.58,8.15,223.88,1.237,447
2024-01-19 15:00:00,13.25,24.47,7.88,216.95,1.53,448
2024-01-19 16:00:00,13.59,24.99,7.61,221.12,1.644,449
2024-01-19 17:00:00,13.15,24.02,7.65,220.86,1.949,450
2024-01-19 18:00:00,13.95,24.25,7.54,220.22,1.352,451
2024-01-19 19:00:00,14.76,25.36,7.58,212.45,1.351,452
2024-01-19 20:00:00,13.21,24.19,7.97,223.72,1.845,453
2024-01-19 21:00:00,14.4,26.08,7.64,219.39,1.589,454
2024-01-19 22:00:00,13.58,24.45,8.34,195.71,1.88,455
2024-01-19 23:00:00,13.37,22.59,8.74,245.53,1.587,456
2024-01-20 00:00:00,13.91,24.6,7.71,235.89,1.153,457
2024-01-20 01:00:00,13.17,24.3,8.12,221.24,1.1,458
2024-01-20 02:00:00,13.56,25.03,8.25,225.19,1.035,459
2024-01-20 03:00:00,13.04,24.54,8.24,213.28,1.699,460
2024-01-20 04:00:00,15.57,23.89,8.04,241.96,1.857,461
2024-01-20 05:00:00,14.03,23.02,8.37,243.97,2.055,462
2024-01-20 06:00:00,13.44,23.83,8.24,226.57,1.753,463
2024-01-20 07:00:00,14.17,23.32,7.38,235.24,1.849,464
2024-01-20 08:00:00,13.91,23.54,8.43,226.75,1.326,465
2024-01-20 09:00:00,13.82,24.47,8.44,211.63,1.153,466
2024-01-20 10:00:00,14.49,25.34,7.62,220.88,1.755,467
2024-01-20 11:00:00,14.61,24.32,8.02,226.32,1.625,468
2024-01-20 12:00:00,13.58,23.04,8.34,220.45,1.532,469
2024-01-20 13:00:00,13.54,24.36,7.9,222.81,1.616,470
2024-01-20 14:00:00,13.78,24.96,8.54,224.09,1.597,471
2024-01-20 15:00:00,12.16,23.51,9.18,224.19,1.885,472
2024-01-20 16:00:00,12.79,23.89,7.61,225.52,1.888,473
2024-01-20 17:00:00,15.09,24.01,7.31,214.39,1.663,474
2024-01-20 18:00:00,15.32,23.37,8.15,217.83,1.754,475
2024-01-20 19:00:00,13.8,24.52,8.36,212.15,1.654,476
2024-01-20 20:00:00,14.46,23.9,7.88,234.78,1.362,477
2024-01-20 21:00:00,14.25,24.34,8.73,203.94,1.727,478
2024-01-20 22:00:00,16.46,23.29,7.33,236.54,1.082,479
2024-01-20 23:00:00,14.9,23.65,8.35,238.86,1.816,480
2024-01-21 00:00:00,13.9,24.58,7.7,221.98,1.142,481
2024-01-21 01:00:00,13.24,23.7,8.86,198.97,1.586,482
2024-01-21 02:00:00,12.71,25.38,9.0,221.39,1.246,483
2024-01-21 03:00:00,14.16,23.68,7.62,224.36,1.666,484
2024-01-21 04:00:00,13.39,24.18,7.73,214.89,1.49,485
2024-01-21 05:00:00,12.86,24.75,8.43,219.85,1.022,486
2024-01-21 06:00:00,13.48,22.87,7.81,240.3,1.626,487
2024-01-21 07:00:00,13.13,22.59,7.98,231.65,1.327,488
2024-01-21 08:00:00,15.35,22.78,8.01,215.75,1.764,489
2024-01-21 09:00:00,14.71,25.01,7.04,209.02,1.5,490
2024-01-21 10:00:00,13.99,23.56,7.99,221.73,1.619,491
2024-01-21 11:00:00,15.18,26.05,7.66,222.87,1.213,492
2024-01-21 12:00:00,14.06,23.55,7.75,229.96,1.323,493
2024-01-21 13:00:00,13.31,24.15,8.72,219.65,1.362,494
2024-01-21 14:00:00,15.22,25.23,7.37,230.11,1.757,495
2024-01-21 15:00:00,14.43,25.6,8.41,244.35,2.003,496
2024-01-21 16:00:00,13.17,25.65,7.86,233.16,1.258,497
2024-01-21 17:00:00,13.85,24.97,7.86,224.52,1.823,498
2024-01-21 18:00:00,13.3,24.82,8.4,223.17,0.849,499
2024-01-21 19:00:00,12.89,24.47,8.17,221.43,1.142,500
2024-01-21 20:00:00,14.74,24.62,8.29,236.81,1.212,501
2024-01-21 21:00:00,15.53,23.56,8.48,218.73,1.094,502
2024-01-21 22:00:00,12.88,23.35,7.83,225.45,1.025,503
2024-01-21 23:00:00,14.45,24.0,7.69,225.51,1.624,504
2024-01-22 00:00:00,13.48,23.86,7.46,219.98,1.436,505
2024-01-22 01:00:00,13.61,23.64,7.59,211.28,1.614,506
2024-01-22 02:00:00,13.53,24.56,9.47,228.23,1.707,507
2024-01-22 03:00:00,13.31,24.76,8.62,224.39,1.58,508
2024-01-22 04:00:00,14.04,24.07,7.32,230.0,1.697,509
2024-01-22 05:00:00,13.34,25.18,7.34,219.66,1.479,510
2024-01-22 06:00:00,14.22,23.09,8.24,237.21,1.144,511
2024-01-22 07:00:00,13.96,23.85,8.27,216.23,1.817,512
2024-01-22 08:00:00,13.81,23.43,8.27,242.12,1.323,513
2024-01-22 09:00:00,13.27,22.51,7.87,207.52,1.219,514
2024-01-22 10:00:00,13.54,23.93,7.94,229.35,1.447,515
2024-01-22 11:00:00,14.6,23.9,8.16,229.75,1.226,516
2024-01-22 12:00:00,14.4,25.21,8.04,217.04,1.375,517
2024-01-22 13:00:00,13.22,24.5,6.89,229.24,1.603,518
2024-01-22 14:00:00,14.08,23.18,7.89,237.8,1.605,519
2024-01-22 15:00:00,14.6,25.48,7.57,202.83,1.231,520
2024-01-22 16:00:00,12.66,24.98,8.09,230.03,1.354,521
2024-01-22 17:00:00,14.43,24.47,9.49,200.07,1.822,522
2024-01-22 18:00:00,13.47,23.82,8.18,215.34,1.649,523
2024-01-22 19:00:00,14.46,23.23,7.84,241.29,2.123,524
2024-01-22 20:00:00,13.39,23.7,8.46,219.18,1.854,525
2024-01-22 21:00:00,12.56,24.87,8.24,213.26,1.843,526
2024-01-22 22:00:00,12.7,25.51,8.21,223.02,1.084,527
2024-01-22 23:00:00,14.04,25.23,8.3,245.68,1.729,528
2024-01-23 00:00:00,14.21,23.61,9.03,206.68,1.484,529
2024-01-23 01:00:00,13.28,23.1,7.43,214.49,1.335,530
2024-01-23 02:00:00,14.51,24.11,8.24,239.97,1.55,531
2024-01-23 03:00:00,12.67,22.59,7.54,243.58,1.784,532
2024-01-23 04:00:00,13.95,24.26,8.28,223.97,1.65,533
2024-01-23 05:00:00,13.03,23.88,7.54,212.61,1.236,534
2024-01-23 06:00:00,13.48,23.63,7.79,245.96,1.723,535
2024-01-23 07:00:00,14.04,22.72,7.85,240.94,1.309,536
2024-01-23 08:00:00,13.31,24.41,8.49,231.79,1.565,537
2024-01-23 09:00:00,13.69,23.57,8.46,216.88,1.409,538
2024-01-23 10:00:00,14.81,23.06,7.38,224.51,1.434,539
2024-01-23 11:00:00,13.54,21.7,8.03,223.4,1.73,540
2024-01-23 12:00:00,14.67,23.98,7.65,228.31,1.188,541
2024-01-23 13:00:00,13.1,25.42,7.37,239.51,2.084,542
2024-01-23 14:00:00,14.42,25.33,7.89,233.79,0.954,543
2024-01-23 15:00:00,15.15,23.63,7.85,214.23,1.321,544
2024-01-23 16:00:00,12.02,23.52,9.21,238.76,1.611,545
2024-01-23 17:00:00,13.36,24.38,8.22,228.13,1.675,546
2024-01-23 18:00:00,14.46,23.2,7.31,231.87,1.47,547
2024-01-23 19:00:00,13.84,24.24,7.72,239.67,1.483,548
2024-01-23 20:00:00,14.3,24.61,8.51,213.88,1.623,549
2024-01-23 21:00:00,13.52,24.98,9.04,224.64,1.431,550
2024-01-23 22:00:00,14.07,23.92,7.21,219.69,1.918,551
2024-01-23 23:00:00,13.88,23.84,7.06,209.32,1.752,552
2024-01-24 00:00:00,14.93,23.3,8.94,228.47,1.762,553
2024-01-24 01:00:00,14.2,23.34,8.19,250.12,1.21,554
2024-01-24 02:00:00,14.27,23.82,7.57,206.6,1.476,555
2024-01-24 03:00:00,13.67,24.29,8.27,224.68,1.41,556
2024-01-24 04:00:00,13.61,24.73,6.68,231.41,1.198,557
2024-01-24 05:00:00,13.65,23.36,8.0,226.23,1.608,558
2024-01-24 06:00:00,14.32,25.19,8.16,223.87,1.339,559
2024-01-24 07:00:00,13.66,23.78,8.46,212.01,1.697,560
2024-01-24 08:00:00,14.23,23.98,7.49,227.33,1.179,561
2024-01-24 09:00:00,15.66,23.4,8.04,217.43,2.016,562
2024-01-24 10:00:00,14.7,22.06,7.54,203.1,1.231,563
2024-01-24 11:00:00,13.74,24.71,8.13,236.95,1.566,564
2024-01-24 12:00:00,14.96,24.59,7.55,234.58,1.738,565
2024-01-24 13:00:00,13.67,23.77,7.8,225.52,1.329,566
2024-01-24 14:00:00,12.37,24.05,7.5,227.29,1.756,567
2024-01-24 15:00:00,13.19,24.41,8.33,235.74,1.131,568
2024-01-24 16:00:00,12.5,22.75,8.43,227.24,1.936,569
2024-01-24 17:00:00,13.72,23.58,7.88,234.04,1.504,570
2024-01-24 18:00:00,14.01,24.64,8.02,222.03,1.321,571
2024-01-24 19:00:00,15.34,23.0,7.28,238.12,1.41,572
2024-01-24 20:00:00,14.26,24.23,7.85,228.21,1.743,573
2024-01-24 21:00:00,13.82,22.91,7.97,226.94,1.325,574
2024-01-24 22:00:00,14.66,24.37,9.31,212.3,1.275,575
2024-01-24 23:00:00,12.23,23.97,7.44,227.87,1.434,576
2024-01-25 00:00:00,14.19,22.71,8.73,216.68,1.147,577
2024-01-25 01:00:00,14.62,24.93,8.5,218.62,2.046,578
2024-01-25 02:00:00,12.82,23.41,8.14,216.85,1.33,579
2024-01-25 03:00:00,14.92,23.35,8.88,214.34,1.749,580
2024-01-25 04:00:00,14.27,24.16,8.19,246.25,1.563,581
2024-01-25 05:00:00,13.67,24.92,8.19,238.31,1.205,582
2024-01-25 06:00:00,14.51,23.19,7.97,244.2,1.498,583
2024-01-25 07:00:00,15.82,24.05,8.61,212.77,1.735,584
2024-01-25 08:00:00,14.15,24.34,8.55,225.71,1.444,585
2024-01-25 09:00:00,14.2,24.55,7.69,212.06,1.858,586
2024-01-25 10:00:00,13.63,24.14,7.34,218.04,1.806,587
2024-01-25 11:00:00,13.32,23.71,7.9,215.82,1.776,588
2024-01-25 12:00:00,14.66,23.34,7.6,237.4,1.362,589
2024-01-25 13:00:00,13.32,24.07,7.97,221.04,1.176,590
2024-01-25 14:00:00,14.06,23.14,8.62,235.68,1.316,591
2024-01-25 15:00:00,13.62,21.66,7.77,231.04,1.559,592
2024-01-25 16:00:00,14.38,24.35,7.98,248.04,1.664,593
2024-01-25 17:00:00,14.27,24.72,8.03,210.21,0.849,594
2024-01-25 18:00:00,14.83,22.11,8.42,237.59,1.498,595
2024-01-25 19:00:00,13.59,23.19,6.88,236.46,1.547,596
2024-01-25 20:00:00,13.78,24.5,7.7,215.27,1.417,597
2024-01-25 21:00:00,13.22,25.65,8.11,235.07,1.887,598
2024-01-25 22:00:00,13.64,24.02,8.6,228.36,1.627,599
2024-01-25 23:00:00,14.3,23.42,7.75,222.73,1.893,600
2024-01-26 00:00:00,14.61,23.85,7.06,216.76,5.516,601
2024-01-26 01:00:00,13.26,25.1,8.31,217.81,5.698,602
2024-01-26 02:00:00,14.7,23.48,7.68,245.5,6.881,603
2024-01-26 03:00:00,15.08,23.36,7.41,225.01,6.241,604
2024-01-26 04:00:00,14.33,23.61,7.69,232.82,4.302,605
2024-01-26 05:00:00,15.5,23.24,7.91,217.09,5.355,606
2024-01-26 06:00:00,13.38,24.1,7.7,217.2,4.877,607
2024-01-26 07:00:00,13.0,25.3,6.9,235.82,5.586,608
2024-01-26 08:00:00,12.58,24.26,8.45,211.5,5.617,609
2024-01-26 09:00:00,15.2,23.8,8.64,220.85,5.413,610
2024-01-26 10:00:00,14.52,23.77,8.33,225.34,5.234,611
2024-01-26 11:00:00,13.96,22.75,7.43,226.11,4.223,612
2024-01-26 12:00:00,14.22,24.71,7.9,223.21,5.94,613
2024-01-26 13:00:00,13.1,23.94,8.0,228.96,6.007,614
2024-01-26 14:00:00,15.96,23.86,8.3,231.93,5.845,615
2024-01-26 15:00:00,14.1,26.55,8.33,232.35,1.407,616
2024-01-26 16:00:00,14.09,24.24,7.63,215.14,1.844,617
2024-01-26 17:00:00,14.58,23.4,8.04,222.16,0.649,618
2024-01-26 18:00:00,14.38,23.66,8.23,236.95,1.495,619
2024-01-26 19:00:00,14.18,24.92,8.73,233.95,1.468,620
2024-01-26 20:00:00,13.37,24.09,8.35,211.27,1.364,621
2024-01-26 21:00:00,14.38,22.85,8.39,228.51,2.018,622
2024-01-26 22:00:00,15.51,24.74,8.04,205.22,1.234,623
2024-01-26 23:00:00,15.08,23.47,8.71,225.47,1.732,624
2024-01-27 00:00:00,15.27,25.5,8.2,243.98,1.607,625
2024-01-27 01:00:00,13.59,24.86,7.57,215.52,1.878,626
2024-01-27 02:00:00,13.21,23.64,8.7,216.66,1.3,627
2024-01-27 03:00:00,13.9,25.02,8.35,232.64,1.28,628
2024-01-27 04:00:00,14.04,24.05,7.78,209.57,1.829,629
2024-01-27 05:00:00,14.88,24.68,7.76,218.67,1.628,630
2024-01-27 06:00:00,12.65,24.39,8.15,230.96,1.037,631
2024-01-27 07:00:00,15.22,23.32,8.23,218.66,1.338,632
2024-01-27 08:00:00,13.87,23.49,8.1,222.64,1.616,633
2024-01-27 09:00:00,13.66,24.82,8.16,232.44,1.751,634
2024-01-27 10:00:00,13.19,23.73,8.85,229.22,1.296,635
2024-01-27 11:00:00,12.68,23.68,8.54,227.67,0.626,636
2024-01-27 12:00:00,14.66,23.24,8.1,221.61,1.657,637
2024-01-27 13:00:00,14.06,24.34,8.47,228.7,1.134,638
2024-01-27 14:00:00,12.97,25.65,7.48,223.76,0.895,639
2024-01-27 15:00:00,12.96,23.15,8.2,229.58,0.65,640
2024-01-27 16:00:00,13.73,24.02,8.9,220.03,1.744,641
2024-01-27 17:00:00,15.34,25.13,7.89,223.17,1.539,642
2024-01-27 18:00:00,13.79,23.94,7.58,215.1,1.432,643
2024-01-27 19:00:00,12.8,24.36,7.67,224.65,1.917,644
2024-01-27 20:00:00,13.8,23.15,7.46,216.89,1.691,645
2024-01-27 21:00:00,13.78,24.34,7.61,213.86,1.985,646
2024-01-27 22:00:00,11.84,23.85,7.81,227.59,1.082,647
2024-01-27 23:00:00,13.96,24.79,7.3,227.13,1.49,648
2024-01-28 00:00:00,13.82,24.95,8.01,232.83,1.015,649
2024-01-28 01:00:00,14.56,26.07,8.45,220.69,1.431,650
2024-01-28 02:00:00,15.48,24.46,7.55,229.08,1.425,651
2024-01-28 03:00:00,14.9,24.26,8.76,230.51,1.688,652
2024-01-28 04:00:00,13.78,24.16,8.26,229.45,1.514,653
2024-01-28 05:00:00,13.11,23.72,8.52,216.74,1.687,654
2024-01-28 06:00:00,16.06,24.27,7.67,226.49,1.711,655
2024-01-28 07:00:00,14.05,23.76,8.43,228.64,2.146,656
2024-01-28 08:00:00,14.01,24.13,7.45,225.07,1.405,657
2024-01-28 09:00:00,13.98,25.05,8.45,204.14,1.218,658
2024-01-28 10:00:00,14.16,23.19,8.09,226.6,1.574,659
2024-01-28 11:00:00,13.88,24.91,8.28,247.13,1.259,660
2024-01-28 12:00:00,13.54,25.05,7.41,221.4,1.945,661
2024-01-28 13:00:00,13.56,23.91,7.55,217.72,1.415,662
2024-01-28 14:00:00,13.97,22.3,8.3,228.73,1.33,663
2024-01-28 15:00:00,13.57,23.51,7.53,228.12,1.359,664
2024-01-28 16:00:00,13.43,25.04,8.23,236.93,1.716,665
2024-01-28 17:00:00,14.09,23.98,7.32,212.42,1.453,666
2024-01-28 18:00:00,13.8,23.2,8.42,232.31,1.307,667
2024-01-28 19:00:00,15.2,23.6,7.38,230.9,2.0,668
2024-01-28 20:00:00,11.88,24.67,8.28,223.58,1.243,669
2024-01-28 21:00:00,14.87,24.44,8.31,228.39,1.511,670
2024-01-28 22:00:00,15.0,23.81,7.65,235.29,1.696,671
2024-01-28 23:00:00,12.34,23.71,8.29,233.72,1.011,672
2024-01-29 00:00:00,13.73,23.69,8.13,213.57,1.644,673
2024-01-29 01:00:00,13.7,23.26,7.73,233.2,1.183,674
2024-01-29 02:00:00,12.87,25.29,7.5,224.35,1.747,675
2024-01-29 03:00:00,13.38,23.74,7.02,225.73,1.211,676
2024-01-29 04:00:00,13.11,24.97,8.17,225.73,1.708,677
2024-01-29 05:00:00,15.4,25.22,7.22,223.5,1.832,678
2024-01-29 06:00:00,14.75,24.8,8.05,236.92,1.758,679
2024-01-29 07:00:00,15.02,23.65,7.87,224.16,1.575,680
2024-01-29 08:00:00,14.58,24.32,8.34,213.8,1.431,681
2024-01-29 09:00:00,13.1,23.98,7.85,221.06,1.327,682
2024-01-29 10:00:00,13.58,23.28,7.84,226.79,1.941,683
2024-01-29 11:00:00,14.39,24.26,8.37,237.29,1.29,684
2024-01-29 12:00:00,13.02,23.06,8.17,231.03,1.189,685
2024-01-29 13:00:00,14.57,24.95,8.16,216.49,1.7,686
2024-01-29 14:00:00,13.81,23.63,8.23,249.85,1.261,687
2024-01-29 15:00:00,13.7,24.16,7.23,227.65,1.215,688
2024-01-29 16:00:00,14.57,24.23,8.38,237.75,1.067,689
2024-01-29 17:00:00,14.36,23.79,8.31,223.48,1.355,690
2024-01-29 18:00:00,13.71,24.47,7.49,230.33,1.475,691
2024-01-29 19:00:00,14.93,23.62,7.88,233.39,1.573,692
2024-01-29 20:00:00,13.14,24.7,7.98,237.18,1.785,693
2024-01-29 21:00:00,14.49,22.92,7.93,235.57,1.658,694
2024-01-29 22:00:00,14.47,24.1,8.17,233.72,1.443,695
2024-01-29 23:00:00,13.75,25.55,8.72,221.85,1.441,696
2024-01-30 00:00:00,14.26,23.2,8.54,219.28,1.653,697
2024-01-30 01:00:00,13.0,23.46,7.34,228.33,1.882,698
2024-01-30 02:00:00,14.74,24.41,8.31,234.33,1.538,699
2024-01-30 03:00:00,13.85,24.14,8.66,222.77,1.359,700
2024-01-30 04:00:00,13.58,24.28,8.19,235.65,1.202,701
2024-01-30 05:00:00,14.84,24.39,8.55,239.53,1.066,702
2024-01-30 06:00:00,13.44,24.51,9.01,215.84,1.7,703
2024-01-30 07:00:00,12.87,24.89,8.51,216.63,1.673,704
2024-01-30 08:00:00,12.75,24.33,8.12,223.6,1.673,705
2024-01-30 09:00:00,14.48,23.81,8.52,228.08,1.461,706
2024-01-30 10:00:00,12.98,24.54,8.07,219.75,1.922,707
2024-01-30 11:00:00,15.4,25.52,8.01,238.52,1.355,708
2024-01-30 12:00:00,12.33,23.89,7.82,229.24,1.787,709
2024-01-30 13:00:00,15.36,23.22,8.78,225.39,1.488,710
2024-01-30 14:00:00,14.17,24.89,7.59,210.64,1.317,711
2024-01-30 15:00:00,13.92,23.9,8.77,211.84,1.678,712
2024-01-30 16:00:00,13.56,22.26,8.25,227.81,1.623,713
2024-01-30 17:00:00,14.32,24.68,7.3,203.67,1.607,714
2024-01-30 18:00:00,13.97,23.57,8.18,235.13,1.524,715
2024-01-30 19:00:00,14.88,23.93,6.95,223.42,1.489,716
2024-01-30 20:00:00,14.09,24.27,8.31,257.43,2.217,717
2024-01-30 21:00:00,14.12,24.15,8.44,248.08,1.855,718
2024-01-30 22:00:00,13.71,24.57,7.7,223.19,1.717,719
2024-01-30 23:00:00,13.95,23.65,8.06,223.94,1.534,720
2024-01-31 00:00:00,14.25,24.41,8.98,234.96,1.802,721
2024-01-31 01:00:00,12.63,23.79,7.75,242.03,1.655,722
2024-01-31 02:00:00,12.92,24.59,7.47,208.62,1.508,723
2024-01-31 03:00:00,14.59,24.49,8.74,207.14,1.409,724
2024-01-31 04:00:00,14.14,23.25,8.98,218.78,1.476,725
2024-01-31 05:00:00,13.85,24.87,8.0,230.83,0.549,726
2024-01-31 06:00:00,14.01,23.57,8.51,229.97,1.563,727
2024-01-31 07:00:00,14.28,24.65,8.67,235.7,1.353,728
2024-01-31 08:00:00,13.57,24.29,7.63,213.0,1.978,729
2024-01-31 09:00:00,13.38,25.47,7.76,201.84,1.506,730
2024-01-31 10:00:00,14.16,23.82,8.62,233.58,1.143,731
2024-01-31 11:00:00,13.22,23.72,8.84,216.72,1.485,732
2024-01-31 12:00:00,14.33,23.98,8.28,204.82,1.186,733
2024-01-31 13:00:00,12.64,23.76,7.56,226.45,1.642,734
2024-01-31 14:00:00,14.82,24.64,8.99,232.93,1.587,735
2024-01-31 15:00:00,14.38,22.71,7.73,223.78,1.787,736
2024-01-31 16:00:00,14.2,23.16,7.83,220.42,1.263,737
2024-01-31 17:00:00,14.79,23.15,8.17,223.41,1.51,738
2024-01-31 18:00:00,15.33,24.76,8.78,221.29,1.09,739
2024-01-31 19:00:00,14.81,25.37,8.43,211.52,1.71,740
2024-01-31 20:00:00,12.53,23.92,8.21,217.85,1.656,741
2024-01-31 21:00:00,12.98,23.86,8.23,230.21,1.649,742
2024-01-31 22:00:00,13.5,24.06,8.02,228.22,1.5,743
2024-01-31 23:00:00,14.02,24.93,8.28,226.68,1.624,744
2024-02-01 00:00:00,14.41,23.26,6.74,215.05,1.981,745
2024-02-01 01:00:00,13.42,24.19,7.85,223.18,1.414,746
2024-02-01 02:00:00,14.15,24.78,8.12,203.23,1.542,747
2024-02-01 03:00:00,13.4,24.4,7.42,226.78,1.174,748
2024-02-01 04:00:00,13.51,24.15,8.19,239.29,1.24,749
2024-02-01 05:00:00,12.87,24.8,7.9,210.26,1.529,750
2024-02-01 06:00:00,13.26,21.84,8.88,219.14,1.831,751
2024-02-01 07:00:00,12.92,24.54,8.79,228.29,1.423,752
2024-02-01 08:00:00,13.22,23.48,7.77,237.53,1.429,753
2024-02-01 09:00:00,14.84,22.54,7.92,220.52,1.378,754
2024-02-01 10:00:00,13.24,24.41,7.96,218.08,1.34,755
2024-02-01 11:00:00,16.11,25.1,7.77,205.31,1.588,756
2024-02-01 12:00:00,14.39,23.89,8.1,226.03,1.051,757
2024-02-01 13:00:00,14.15,24.76,7.62,245.42,1.884,758
2024-02-01 14:00:00,13.31,25.29,7.43,227.77,1.3,759
2024-02-01 15:00:00,14.56,25.05,8.31,224.78,1.717,760
2024-02-01 16:00:00,13.54,25.31,8.31,228.22,1.119,761
2024-02-01 17:00:00,14.1,24.59,7.6,224.89,1.701,762
2024-02-01 18:00:00,16.05,24.06,8.45,216.87,1.702,763
2024-02-01 19:00:00,13.92,22.72,7.68,233.23,1.615,764
2024-02-01 20:00:00,14.92,23.8,8.13,227.26,1.202,765
2024-02-01 21:00:00,13.44,23.33,8.41,225.18,1.575,766
2024-02-01 22:00:00,13.97,25.74,7.98,215.25,1.145,767
2024-02-01 23:00:00,15.42,23.86,8.23,238.04,1.424,768
2024-02-02 00:00:00,13.5,24.1,7.74,231.65,1.809,769
2024-02-02 01:00:00,15.45,24.44,7.9,219.47,1.739,770
2024-02-02 02:00:00,14.57,24.03,7.9,235.02,1.505,771
2024-02-02 03:00:00,13.55,25.36,7.63,220.02,1.208,772
2024-02-02 04:00:00,14.51,23.5,7.91,217.18,1.694,773
2024-02-02 05:00:00,14.78,24.16,7.23,217.4,1.506,774
2024-02-02 06:00:00,14.5,23.41,7.75,207.29,0.804,775
2024-02-02 07:00:00,12.74,22.94,7.86,229.72,1.735,776
2024-02-02 08:00:00,13.42,23.51,7.87,206.69,1.493,777
2024-02-02 09:00:00,13.8,23.97,7.88,212.72,1.861,778
2024-02-02 10:00:00,13.94,23.66,7.97,204.24,1.171,779
2024-02-02 11:00:00,14.5,23.45,8.24,224.14,0.547,780
2024-02-02 12:00:00,14.14,22.87,8.44,223.5,1.584,781
2024-02-02 13:00:00,12.93,23.93,7.68,221.73,1.587,782
2024-02-02 14:00:00,14.3,22.8,7.4,214.57,0.993,783
2024-02-02 15:00:00,14.49,24.61,7.48,213.28,1.206,784
2024-02-02 16:00:00,14.45,24.07,7.76,229.64,2.327,785
2024-02-02 17:00:00,14.86,22.83,7.82,219.49,1.408,786
2024-02-02 18:00:00,14.67,23.75,7.62,228.16,1.719,787
2024-02-02 19:00:00,14.37,23.4,7.35,216.15,1.305,788
2024-02-02 20:00:00,13.94,24.26,7.77,226.81,0.873,789
2024-02-02 21:00:00,12.67,25.07,8.09,238.03,1.449,790
2024-02-02 22:00:00,14.34,22.5,8.3,230.86,1.42,791
2024-02-02 23:00:00,14.17,24.09,7.72,220.88,1.38,792
2024-02-03 00:00:00,14.22,23.87,7.79,227.57,1.466,793
2024-02-03 01:00:00,12.98,24.54,7.54,222.59,1.579,794
2024-02-03 02:00:00,13.14,24.17,7.98,225.08,1.455,795
2024-02-03 03:00:00,14.84,23.4,7.58,221.74,1.121,796
2024-02-03 04:00:00,13.97,23.74,8.29,223.36,1.646,797
2024-02-03 05:00:00,14.55,23.36,7.11,227.12,0.915,798
2024-02-03 06:00:00,14.02,24.86,7.82,215.07,0.885,799
2024-02-03 07:00:00,14.02,24.02,8.15,214.84,1.722,800
2024-02-03 08:00:00,14.75,25.52,14.11,211.11,1.652,801
2024-02-03 09:00:00,13.59,23.95,17.15,209.0,1.483,802
2024-02-03 10:00:00,14.08,23.43,15.91,212.83,1.081,803
2024-02-03 11:00:00,13.63,22.79,13.13,226.59,1.288,804
2024-02-03 12:00:00,13.65,22.56,13.07,216.07,1.421,805
2024-02-03 13:00:00,13.75,22.73,14.34,230.14,1.021,806
2024-02-03 14:00:00,14.18,24.21,15.44,225.35,1.278,807
2024-02-03 15:00:00,13.62,24.41,15.49,205.31,1.696,808
2024-02-03 16:00:00,15.0,22.74,16.13,231.55,1.928,809
2024-02-03 17:00:00,13.28,24.72,14.53,233.11,1.374,810
2024-02-03 18:00:00,13.85,23.61,14.53,215.06,1.727,811
2024-02-03 19:00:00,13.65,24.12,12.77,229.2,0.926,812
2024-02-03 20:00:00,15.16,25.29,14.61,216.44,1.698,813
2024-02-03 21:00:00,14.16,24.72,14.22,225.98,1.259,814
2024-02-03 22:00:00,14.83,23.79,15.8,212.36,1.592,815
2024-02-03 23:00:00,12.81,23.29,15.08,207.07,1.426,816
2024-02-04 00:00:00,14.21,22.28,15.47,221.17,1.896,817
2024-02-04 01:00:00,14.71,23.42,14.02,223.76,1.238,818
2024-02-04 02:00:00,14.07,23.83,14.89,221.02,1.688,819
2024-02-04 03:00:00,14.85,23.21,12.3,213.16,1.416,820
2024-02-04 04:00:00,13.59,23.89,7.86,221.0,1.453,821
2024-02-04 05:00:00,15.13,24.06,8.42,227.69,1.445,822
2024-02-04 06:00:00,15.84,23.82,7.98,224.55,1.246,823
2024-02-04 07:00:00,13.71,23.48,7.3,226.83,1.496,824
2024-02-04 08:00:00,13.64,24.13,7.97,218.3,1.481,825
2024-02-04 09:00:00,15.16,24.35,8.85,236.72,1.572,826
2024-02-04 10:00:00,15.26,23.13,8.62,213.24,1.525,827
2024-02-04 11:00:00,13.58,25.13,7.97,229.88,1.739,828
2024-02-04 12:00:00,13.66,23.92,8.48,236.82,1.777,829
2024-02-04 13:00:00,13.77,24.02,7.82,229.81,1.185,830
2024-02-04 14:00:00,12.92,24.57,7.15,222.97,1.761,831
2024-02-04 15:00:00,13.27,24.19,7.54,219.72,1.144,832
2024-02-04 16:00:00,13.2,24.76,8.78,235.36,1.676,833
2024-02-04 17:00:00,13.39,24.23,7.86,210.77,1.686,834
2024-02-04 18:00:00,13.97,23.51,7.88,215.3,0.927,835
2024-02-04 19:00:00,14.19,24.29,7.85,221.02,1.528,836
2024-02-04 20:00:00,15.24,23.09,8.95,237.38,1.359,837
2024-02-04 21:00:00,13.2,24.09,8.81,228.8,1.272,838
2024-02-04 22:00:00,14.79,23.97,9.11,215.32,1.905,839
2024-02-04 23:00:00,13.83,23.83,7.92,221.9,1.304,840
2024-02-05 00:00:00,13.96,23.9,8.15,218.86,1.258,841
2024-02-05 01:00:00,14.54,22.49,7.24,217.9,1.523,842
2024-02-05 02:00:00,13.1,23.56,8.74,234.79,1.706,843
2024-02-05 03:00:00,14.31,24.07,7.42,211.28,1.458,844
2024-02-05 04:00:00,14.13,24.13,8.11,241.09,1.85,845
2024-02-05 05:00:00,14.39,23.18,7.45,233.28,1.659,846
2024-02-05 06:00:00,14.23,25.01,7.71,235.91,0.847,847
2024-02-05 07:00:00,15.96,23.31,7.58,220.37,1.341,848
2024-02-05 08:00:00,13.49,24.78,7.7,223.5,1.331,849
2024-02-05 09:00:00,13.58,24.34,7.73,210.67,1.644,850
2024-02-05 10:00:00,13.5,23.48,7.73,219.75,0.713,851
2024-02-05 11:00:00,13.56,25.42,8.42,229.94,2.265,852
2024-02-05 12:00:00,13.49,23.05,7.45,237.96,1.659,853
2024-02-05 13:00:00,14.95,24.74,8.11,213.93,1.545,854
2024-02-05 14:00:00,15.14,24.8,8.61,221.34,1.854,855
2024-02-05 15:00:00,13.54,23.46,7.74,223.49,2.203,856
2024-02-05 16:00:00,13.33,25.11,7.64,211.04,1.761,857
2024-02-05 17:00:00,14.38,23.8,7.88,230.91,1.785,858
2024-02-05 18:00:00,13.56,24.23,8.59,217.76,1.539,859
2024-02-05 19:00:00,14.51,24.21,8.1,223.05,1.458,860
2024-02-05 20:00:00,14.16,23.89,7.73,220.48,1.357,861
2024-02-05 21:00:00,12.79,24.65,8.24,217.11,1.252,862
2024-02-05 22:00:00,15.24,24.63,7.45,224.93,1.294,863
2024-02-05 23:00:00,15.44,22.6,8.34,222.84,1.095,864
2024-02-06 00:00:00,13.51,25.04,8.2,221.28,1.477,865
2024-02-06 01:00:00,13.69,22.67,7.85,217.72,0.995,866
2024-02-06 02:00:00,14.23,24.83,7.58,228.2,1.557,867
2024-02-06 03:00:00,14.27,24.9,7.56,241.54,1.489,868
2024-02-06 04:00:00,14.53,23.13,8.27,226.4,1.544,869
2024-02-06 05:00:00,15.61,23.67,8.61,234.96,1.343,870
2024-02-06 06:00:00,13.86,23.12,7.68,211.1,2.423,871
2024-02-06 07:00:00,13.36,23.83,8.23,226.58,1.908,872
2024-02-06 08:00:00,12.9,23.75,6.96,214.03,1.127,873
2024-02-06 09:00:00,13.42,24.62,7.71,210.23,1.57,874
2024-02-06 10:00:00,13.97,25.05,7.98,217.61,1.318,875
2024-02-06 11:00:00,15.44,25.12,7.55,236.92,1.196,876
2024-02-06 12:00:00,13.59,23.55,7.53,234.5,1.098,877
2024-02-06 13:00:00,14.18,23.83,7.67,227.43,1.63,878
2024-02-06 14:00:00,13.99,22.65,8.15,209.67,1.296,879
2024-02-06 15:00:00,14.95,23.36,7.91,223.04,1.79,880
2024-02-06 16:00:00,16.02,24.77,6.88,228.02,1.798,881
2024-02-06 17:00:00,13.58,25.29,6.94,226.76,1.912,882
2024-02-06 18:00:00,13.61,23.01,7.7,206.56,1.244,883
2024-02-06 19:00:00,14.84,23.53,8.23,216.1,1.643,884
2024-02-06 20:00:00,14.55,23.98,6.63,224.36,1.69,885
2024-02-06 21:00:00,15.48,24.22,7.75,230.36,1.358,886
2024-02-06 22:00:00,14.47,23.35,7.74,203.04,1.268,887
2024-02-06 23:00:00,13.71,24.34,8.69,223.38,1.983,888
2024-02-07 00:00:00,14.47,23.62,7.81,226.43,1.568,889
2024-02-07 01:00:00,14.89,23.99,8.19,233.5,1.691,890
2024-02-07 02:00:00,14.66,24.44,8.07,231.93,1.253,891
2024-02-07 03:00:00,14.41,24.01,6.93,230.83,1.134,892
2024-02-07 04:00:00,14.85,23.65,8.38,217.0,1.329,893
2024-02-07 05:00:00,14.94,23.91,8.11,205.92,1.463,894
2024-02-07 06:00:00,15.11,23.93,8.25,221.07,1.181,895
2024-02-07 07:00:00,14.52,23.7,9.96,235.02,1.497,896
2024-02-07 08:00:00,13.87,23.79,6.96,238.93,0.993,897
2024-02-07 09:00:00,14.12,25.28,8.86,232.11,1.164,898
2024-02-07 10:00:00,14.97,24.45,7.86,229.29,1.701,899
2024-02-07 11:00:00,13.35,23.76,8.14,228.8,1.681,900
2024-02-07 12:00:00,14.29,24.56,7.98,219.44,1.382,901
2024-02-07 13:00:00,13.69,23.73,7.79,223.7,1.195,902
2024-02-07 14:00:00,14.02,24.94,7.72,241.69,1.192,903
2024-02-07 15:00:00,15.02,24.3,8.16,215.57,1.388,904
2024-02-07 16:00:00,14.15,23.91,7.24,241.15,1.693,905
2024-02-07 17:00:00,14.04,24.36,8.38,221.78,1.778,906
2024-02-07 18:00:00,12.91,22.74,7.79,238.25,1.351,907
2024-02-07 19:00:00,14.6,23.1,7.43,210.93,1.154,908
2024-02-07 20:00:00,14.52,23.04,7.77,230.86,1.58,909
2024-02-07 21:00:00,15.73,24.11,8.63,217.63,1.253,910
2024-02-07 22:00:00,13.75,25.39,7.73,210.85,1.345,911
2024-02-07 23:00:00,14.18,25.79,8.18,227.19,1.898,912
2024-02-08 00:00:00,14.2,24.51,7.63,235.09,1.748,913
2024-02-08 01:00:00,15.26,24.4,8.38,216.55,1.547,914
2024-02-08 02:00:00,13.92,22.56,8.34,210.01,1.118,915
2024-02-08 03:00:00,14.22,23.57,8.92,224.08,1.563,916
2024-02-08 04:00:00,14.49,23.37,7.91,224.13,1.819,917
2024-02-08 05:00:00,14.15,23.5,8.33,230.48,1.387,918
2024-02-08 06:00:00,13.64,23.87,8.05,234.5,1.905,919
2024-02-08 07:00:00,14.16,23.62,8.65,224.41,1.888,920
2024-02-08 08:00:00,14.86,22.42,7.64,243.56,1.999,921
2024-02-08 09:00:00,13.18,24.6,8.37,227.24,1.592,922
2024-02-08 10:00:00,14.11,23.14,7.9,221.54,1.676,923
2024-02-08 11:00:00,13.44,24.19,7.97,208.88,1.924,924
2024-02-08 12:00:00,14.96,25.66,8.05,222.37,1.634,925
2024-02-08 13:00:00,12.78,23.26,8.13,221.64,1.35,926
2024-02-08 14:00:00,13.55,21.98,7.94,234.6,1.365,927
2024-02-08 15:00:00,14.3,23.77,8.11,229.62,1.572,928
2024-02-08 16:00:00,15.25,24.88,8.79,213.21,1.113,929
2024-02-08 17:00:00,13.95,25.57,8.49,226.72,1.457,930
2024-02-08 18:00:00,13.56,23.02,8.43,231.72,1.829,931
2024-02-08 19:00:00,15.5,24.4,7.77,240.28,0.843,932
2024-02-08 20:00:00,12.84,23.63,7.56,233.88,1.96,933
2024-02-08 21:00:00,12.24,23.92,8.48,232.61,1.837,934
2024-02-08 22:00:00,14.35,26.12,8.44,225.6,1.362,935
2024-02-08 23:00:00,13.6,22.8,8.74,228.88,1.663,936
2024-02-09 00:00:00,13.18,24.2,7.7,237.5,1.501,937
2024-02-09 01:00:00,14.57,24.37,7.89,211.67,1.869,938
2024-02-09 02:00:00,14.2,24.87,7.18,221.51,1.795,939
2024-02-09 03:00:00,13.55,24.08,7.8,217.27,1.08,940
2024-02-09 04:00:00,12.98,24.25,8.5,228.79,1.676,941
2024-02-09 05:00:00,14.7,23.69,7.77,237.3,1.438,942
2024-02-09 06:00:00,14.52,24.22,8.32,219.03,1.525,943
2024-02-09 07:00:00,13.92,23.73,7.9,201.1,1.282,944
2024-02-09 08:00:00,15.48,24.5,8.16,220.88,2.024,945
2024-02-09 09:00:00,13.14,23.7,7.43,234.13,1.812,946
2024-02-09 10:00:00,12.78,24.3,8.04,230.38,1.278,947
2024-02-09 11:00:00,13.45,23.98,6.5,229.28,1.1,948
2024-02-09 12:00:00,13.96,24.9,7.91,222.2,1.384,949
2024-02-09 13:00:00,14.19,23.96,7.18,212.21,1.63,950
2024-02-09 14:00:00,13.81,22.58,8.6,230.15,1.572,951
2024-02-09 15:00:00,14.28,25.01,8.39,216.66,1.876,952
2024-02-09 16:00:00,13.0,23.28,8.23,246.84,1.737,953
2024-02-09 17:00:00,15.16,23.48,8.76,230.71,1.791,954
2024-02-09 18:00:00,13.93,23.52,7.53,219.19,1.598,955
2024-02-09 19:00:00,14.89,25.1,8.87,218.89,1.083,956
2024-02-09 20:00:00,14.27,22.29,8.47,224.07,1.441,957
2024-02-09 21:00:00,14.37,26.51,7.88,222.6,1.818,958
2024-02-09 22:00:00,14.46,24.84,8.57,236.17,1.485,959
2024-02-09 23:00:00,14.36,24.18,7.45,226.86,1.651,960
2024-02-10 00:00:00,14.51,23.96,7.59,217.68,1.404,961
2024-02-10 01:00:00,15.06,24.23,7.7,243.9,1.191,962
2024-02-10 02:00:00,14.16,24.42,7.74,225.49,1.463,963
2024-02-10 03:00:00,14.57,24.52,7.47,232.69,1.593,964
2024-02-10 04:00:00,13.93,24.44,8.61,218.92,1.303,965
2024-02-10 05:00:00,15.15,24.07,7.87,228.63,1.429,966
2024-02-10 06:00:00,13.46,23.84,8.18,228.11,1.218,967
2024-02-10 07:00:00,15.44,23.88,7.71,206.1,1.836,968
2024-02-10 08:00:00,13.97,23.84,7.09,245.15,1.412,969
2024-02-10 09:00:00,12.86,24.91,8.14,237.91,1.936,970
2024-02-10 10:00:00,14.1,24.47,7.04,221.03,1.959,971
2024-02-10 11:00:00,13.46,21.65,7.97,213.98,1.476,972
2024-02-10 12:00:00,14.67,24.52,7.32,228.48,1.197,973
2024-02-10 13:00:00,13.48,24.16,8.99,225.87,0.874,974
2024-02-10 14:00:00,13.64,23.99,8.46,228.56,1.058,975
2024-02-10 15:00:00,12.49,23.69,8.05,226.92,1.088,976
2024-02-10 16:00:00,13.64,24.9,8.63,230.06,1.914,977
2024-02-10 17:00:00,12.06,24.76,7.58,239.47,1.535,978
2024-02-10 18:00:00,12.73,23.38,8.27,230.68,1.617,979
2024-02-10 19:00:00,14.61,24.33,8.1,214.5,0.834,980
2024-02-10 20:00:00,14.63,23.22,8.13,238.63,1.141,981
2024-02-10 21:00:00,14.34,22.9,8.64,241.41,1.766,982
2024-02-10 22:00:00,13.23,23.5,8.37,256.52,1.586,983
2024-02-10 23:00:00,13.96,24.69,8.14,213.77,1.456,984
2024-02-11 00:00:00,14.0,24.76,7.17,227.43,1.669,985
2024-02-11 01:00:00,13.07,24.41,7.52,204.18,1.991,986
2024-02-11 02:00:00,15.2,24.58,7.94,230.53,1.434,987
2024-02-11 03:00:00,14.7,24.41,8.05,219.52,1.521,988
2024-02-11 04:00:00,13.82,23.49,7.43,244.23,1.558,989
2024-02-11 05:00:00,14.02,24.35,9.21,217.25,2.218,990
2024-02-11 06:00:00,14.17,24.64,8.76,208.11,0.87,991
2024-02-11 07:00:00,12.37,24.6,8.3,220.29,1.705,992
2024-02-11 08:00:00,13.8,24.95,8.04,205.25,1.466,993
2024-02-11 09:00:00,13.45,24.57,7.89,232.51,1.67,994
2024-02-11 10:00:00,13.2,24.28,7.52,204.35,1.303,995
2024-02-11 11:00:00,13.78,24.86,8.04,225.28,1.485,996
2024-02-11 12:00:00,15.44,23.98,8.13,204.22,1.713,997
2024-02-11 13:00:00,14.51,23.29,7.38,221.8,2.434,998
2024-02-11 14:00:00,13.54,23.87,8.17,241.43,1.742,999
2024-02-11 15:00:00,14.46,23.4,7.92,228.61,1.246,1000
